--INSERT INTO TYPE (TYPE_ID, NAME) VALUES (1, 'cat');
--INSERT INTO TYPE (TYPE_ID, NAME) VALUES (2, 'dog');
--INSERT INTO TYPE (TYPE_ID, NAME) VALUES (3, 'lizard');
--INSERT INTO TYPE (TYPE_ID, NAME) VALUES (4, 'snake');
--INSERT INTO TYPE (TYPE_ID, NAME) VALUES (5, 'bird');
--INSERT INTO TYPE (TYPE_ID, NAME) VALUES (6, 'hamster');

INSERT INTO OWNER (OWNER_ID, FIRST_NAME, LAST_NAME, ADDRESS, CITY, TELEPHONE) VALUES (1, 'Tire', 'Cho', '110 W. Liberty St.', 'Madison', '6085551023');
INSERT INTO OWNER (OWNER_ID, FIRST_NAME, LAST_NAME, ADDRESS, CITY, TELEPHONE) VALUES (2, 'Betty', 'Davis', '638 Cardinal Ave.', 'Sun Prairie', '6085551749');
INSERT INTO OWNER (OWNER_ID, FIRST_NAME, LAST_NAME, ADDRESS, CITY, TELEPHONE) VALUES (3, 'Eduardo', 'Rodriquez', '2693 Commerce St.', 'McFarland', '6085558763');
INSERT INTO OWNER (OWNER_ID, FIRST_NAME, LAST_NAME, ADDRESS, CITY, TELEPHONE) VALUES (4, 'Harold', 'Davis', '563 Friendly St.', 'Windsor', '6085553198');
INSERT INTO OWNER (OWNER_ID, FIRST_NAME, LAST_NAME, ADDRESS, CITY, TELEPHONE) VALUES (5, 'Peter', 'McTavish', '2387 S. Fair Way', 'Madison', '6085552765');
INSERT INTO OWNER (OWNER_ID, FIRST_NAME, LAST_NAME, ADDRESS, CITY, TELEPHONE) VALUES (6, 'Jean', 'Coleman', '105 N. Lake St.', 'Monona', '6085552654');
INSERT INTO OWNER (OWNER_ID, FIRST_NAME, LAST_NAME, ADDRESS, CITY, TELEPHONE) VALUES (7, 'Jeff', 'Black', '1450 Oak Blvd.', 'Monona', '6085555387');
INSERT INTO OWNER (OWNER_ID, FIRST_NAME, LAST_NAME, ADDRESS, CITY, TELEPHONE) VALUES (8, 'Maria', 'Escobito', '345 Maple St.', 'Madison', '6085557683');
INSERT INTO OWNER (OWNER_ID, FIRST_NAME, LAST_NAME, ADDRESS, CITY, TELEPHONE) VALUES (9, 'David', 'Schroeder', '2749 Blackhawk Trail', 'Madison', '6085559435');
INSERT INTO OWNER (OWNER_ID, FIRST_NAME, LAST_NAME, ADDRESS, CITY, TELEPHONE) VALUES (10, 'Carlos', 'Estaban', '2335 Independence La.', 'Waunakee', '6085555487');

INSERT INTO PET (PET_ID, NAME, BIRTH_DATE, TYPE, OWNER_ID) VALUES (1, 'Leo', '2010-09-07', 'CAT', 1);
INSERT INTO PET (PET_ID, NAME, BIRTH_DATE, TYPE, OWNER_ID) VALUES (2, 'Basil', '2012-08-06', 'HAMSTER', 2);
INSERT INTO PET (PET_ID, NAME, BIRTH_DATE, TYPE, OWNER_ID) VALUES (3, 'Rosy', '2011-04-17', 'DOG', 3);
INSERT INTO PET (PET_ID, NAME, BIRTH_DATE, TYPE, OWNER_ID) VALUES (4, 'Jewel', '2010-03-07', 'DOG', 3);
INSERT INTO PET (PET_ID, NAME, BIRTH_DATE, TYPE, OWNER_ID) VALUES (5, 'Iggy', '2010-11-30', 'LIZARD', 4);
INSERT INTO PET (PET_ID, NAME, BIRTH_DATE, TYPE, OWNER_ID) VALUES (6, 'George', '2010-01-20', 'SNAKE', 5);
INSERT INTO PET (PET_ID, NAME, BIRTH_DATE, TYPE, OWNER_ID) VALUES (7, 'Samantha', '2012-09-04', 'CAT', 6);
INSERT INTO PET (PET_ID, NAME, BIRTH_DATE, TYPE, OWNER_ID) VALUES (8, 'Max', '2012-09-04', 'CAT', 6);
INSERT INTO PET (PET_ID, NAME, BIRTH_DATE, TYPE, OWNER_ID) VALUES (9, 'Lucky', '2011-08-06', 'BIRD', 7);
INSERT INTO PET (PET_ID, NAME, BIRTH_DATE, TYPE, OWNER_ID) VALUES (10, 'Mulligan', '2007-02-24', 'DOG', 8);
INSERT INTO PET (PET_ID, NAME, BIRTH_DATE, TYPE, OWNER_ID) VALUES (11, 'Freddy', '2010-03-09', 'BIRD', 9);
INSERT INTO PET (PET_ID, NAME, BIRTH_DATE, TYPE, OWNER_ID) VALUES (12, 'Lucky', '2010-06-24', 'DOG', 10);
INSERT INTO PET (PET_ID, NAME, BIRTH_DATE, TYPE, OWNER_ID) VALUES (13, 'Sly', '2012-06-08', 'CAT', 10);